area,bedrooms,bathrooms,parking,price
753,1,3,0,2769092
553,1,4,1,2803338
514,3,4,2,3199070
605,5,1,1,3224099
2853,4,4,3,10637029
2945,5,2,1,10521135
555,2,4,3,3108406
1590,2,3,1,5664658
689,2,1,1,2859649
592,3,3,1,3271038
3838,5,1,0,12963200
1031,2,3,3,4236856
3553,5,1,3,12162977
3995,5,2,1,13486806
2170,2,3,2,7765133
2233,2,2,1,7576887
1797,3,4,0,6768520
2580,2,1,2,8603213
1222,4,1,1,4737125
1583,1,4,1,5563972
2015,4,2,3,7624987
2056,1,3,1,7093432
3317,2,2,2,10761467
1860,5,3,3,7568428
1370,2,3,2,5376735
3947,1,3,3,12807152
3742,4,4,2,13205222
1863,4,3,0,6924215
3975,2,2,1,12727749
1881,3,1,1,6608258
3058,3,4,1,10684115
2599,4,1,2,9052961
3881,1,2,2,12565547
1887,5,4,3,7724985
2223,5,3,0,8471420
1508,5,2,0,5945098
3515,1,3,3,11485512
2202,1,2,0,7304099
3145,1,1,3,10196370
3242,1,2,3,10686905
1359,2,2,0,5009015
1582,3,4,2,6164656
1046,5,2,3,4840754
2673,3,2,3,9277566
2265,1,2,2,7718653
2679,2,4,1,9296370
2738,3,1,3,9603107
3718,4,1,1,12510123
1018,2,1,2,3891907
1994,4,3,2,7775675
3607,3,1,1,11909833
3452,2,1,0,11059485
3928,3,3,2,13088013
3153,4,1,1,10577952
2303,1,2,0,7299658
2077,5,4,1,8263369
3979,5,3,1,13713038
3148,2,2,1,10245611
3144,5,4,1,11531731
3707,1,2,2,11976460
1191,2,1,3,4471057
3073,3,3,2,10608682
1229,4,2,3,5246554
1272,2,4,0,4780584
1851,1,2,3,6536098
1416,5,4,0,6191229
3845,3,2,1,12801295
2725,2,4,1,9559000
2752,4,2,1,9620664
1287,1,2,1,4471646
1263,4,3,1,5534586
2021,1,3,2,6929690
2849,4,2,0,9839811
2181,1,4,3,7669487
2244,4,4,3,8780789
2219,3,2,0,7899536
619,5,4,1,3785441
3229,4,1,0,10941413
1828,1,1,1,5801918
2302,2,2,2,7868234
3484,3,2,3,11709958
1444,1,2,3,5203151
1815,4,1,1,6771418
2317,3,3,3,8417999
3272,5,4,3,11931127
2389,4,1,0,8138760
2426,2,4,0,8346884
1468,4,4,1,6140801
1870,4,2,1,7204485
844,2,2,0,3142008
3253,4,1,3,11103230
2414,4,4,1,9106626
890,2,2,3,3682649
804,1,2,3,3159668
1586,2,4,1,5893010
1910,3,4,2,7227555
1777,2,4,1,6426058
3781,2,2,2,12509661
1903,5,1,2,7435168
752,2,2,1,3034666
954,2,2,0,3696672
2146,3,1,3,7723927
845,3,2,1,3540222
728,3,3,2,3766910
1931,5,3,0,7325588
1293,5,1,2,5283656
3889,1,1,0,12255681
3008,3,1,0,9951171
938,1,1,3,3461017
2648,1,2,2,8539354
3638,3,3,2,12294188
1624,5,2,0,6360686
3845,2,3,2,12878894
1668,4,2,2,6400840
2163,3,3,3,7983449
3211,3,1,2,10808022
2273,1,2,3,7534861
2381,4,2,1,8496767
2251,4,2,2,8295878
2560,2,4,0,8834106
2250,1,2,1,7422814
2484,1,2,1,8056040
1016,1,4,1,4194507
1801,2,1,1,6285187
2606,4,3,1,9543746
2421,2,2,1,8268306
2027,3,2,2,7263216
3495,5,2,3,12517349
2572,1,1,1,8131051
3831,3,3,2,13000928
605,1,4,1,2963175
1212,1,1,1,4083223
1748,5,1,1,6625246
2895,4,2,1,10203017
2541,5,1,0,9182042
3097,1,4,1,10229272
1535,1,4,2,5681604
1339,1,3,2,5043009
892,5,1,0,4199363
2586,3,2,0,8975292
1344,4,1,1,5370287
2530,1,3,3,8652566
3194,2,3,2,10800247
1727,2,2,2,6093070
1843,1,2,1,6291131
3740,3,3,1,12541440
1505,3,4,2,5908866
2462,3,3,2,8768704
1605,5,2,1,6595019
926,3,2,3,4296793
2839,5,1,1,10123911
3835,3,1,0,12228070
3877,1,4,3,12700413
1314,3,1,1,5081996
833,1,3,0,3359458
1517,4,1,1,5741608
2245,5,2,1,8381663
2632,5,4,1,9894681
3327,5,2,3,11914437
858,5,3,0,4418147
1832,4,4,3,7280260
1086,5,1,3,5081658
1361,3,1,3,5180520
1410,3,4,1,5578984
3529,5,2,2,12452364
3055,1,2,2,9800191
2344,4,4,0,8613926
2314,5,3,2,8843076
3199,3,1,2,10720258
1185,2,4,0,4517164
906,5,4,0,4562389
3847,1,3,0,12427099
1922,3,2,1,6906121
3225,1,1,0,10206117
1150,2,2,2,4385674
3041,3,4,1,10547834
547,4,3,1,3312733
3260,4,1,2,11246657
682,4,1,3,3563690
1247,1,4,0,4583479
1266,4,3,1,5384068
1690,2,4,3,6303725
2682,4,4,1,9835450
886,4,3,0,4162181
1433,3,2,1,5626633
2370,4,1,2,8540189
1593,5,2,3,6549179
3204,5,3,2,11665842
626,2,1,3,2876232
3431,4,1,0,11629917
2045,2,3,1,7109879
3615,5,2,1,12360321
2204,5,1,0,8090743
1109,5,1,0,4576226
4000,1,3,3,13191539
919,2,2,3,3809260
606,4,1,3,3169588
527,4,1,3,2866289
1086,4,2,2,4687907
1611,2,3,2,5924835
3332,5,2,2,11734285
3057,3,2,3,10716866
2872,3,1,3,9837305
3892,3,4,0,13089043
3931,3,4,0,13024778
949,2,1,0,3579447
1913,2,4,2,7233290
3771,5,2,3,13090057
2148,4,2,0,7581592
515,2,1,1,2374120
1947,3,3,3,7229041
2277,4,2,2,8272757
3141,3,3,0,10743350
587,3,4,0,3047378
758,3,4,0,3772009
1415,5,2,0,5609111
919,5,4,2,4883128
2349,1,4,3,8199138
3782,4,1,2,12879875
685,2,1,1,2650873
3584,5,3,2,12690854
1618,3,3,3,6433583
3311,2,2,1,11018489
831,4,3,1,3900720
3984,3,4,2,13429331
3503,4,1,0,11848676
864,1,4,3,3909807
3975,5,4,0,13775663
1915,2,1,1,6675310
1293,4,1,1,5108290
604,1,2,3,2825790
3999,5,2,0,13432041
2816,4,2,3,10081849
809,5,2,3,4315089
1666,4,1,1,6246957
760,5,1,3,4173940
1773,4,2,2,6798276
3893,2,3,2,12798379
1139,2,4,0,4696388
3755,5,2,3,13013093
3432,1,3,1,11180423
2939,2,2,3,9738450
2038,1,2,3,6932327
3946,2,4,0,12898221
2842,5,2,0,10173824
2473,2,4,1,8433672
1763,4,4,1,7159516
2839,1,4,0,9281592
1745,5,4,3,7450171
1598,4,1,0,5953288
928,3,4,0,4012825
1307,5,1,0,5233764
1579,4,2,3,6182731
3684,5,2,0,12681804
3071,5,3,0,10749990
2009,1,3,2,7108887
1602,5,2,1,6356325
2970,2,3,0,10041673
2334,3,4,0,8428081
3860,4,2,3,13205236
3737,1,2,2,12087138
1783,5,1,1,7006452
3224,5,3,3,11657443
2438,1,3,0,8141391
2006,5,2,3,7703273
2630,2,2,0,8803000
595,4,1,3,3315767
3327,5,3,1,11951215
1741,5,2,0,6776480
1132,5,2,0,4816792
3033,4,3,0,10501459
2423,5,1,3,9129490
691,3,1,2,3355293
2104,2,3,3,7718620
1855,3,4,1,7159968
2076,5,4,3,8408738
1455,2,1,2,5166826
582,1,4,2,2821293
1735,3,3,0,6506982
1622,2,2,0,5711155
1975,2,2,1,6831869
3653,3,2,2,12399231
1573,4,4,1,6391207
3115,3,3,1,10834277
1554,5,4,1,6480961
802,1,1,3,3289953
572,5,4,2,3617791
1996,4,4,1,7644899
2461,1,2,3,8142563
2628,4,2,2,9268663
1250,1,1,2,4301549
1581,1,1,3,5409778
2977,4,3,2,10698513
2339,2,3,1,7888613
679,4,3,1,3437313
836,4,2,2,4151950
2574,5,1,1,9211509
882,2,2,3,3657515
3251,1,2,3,10609475
3869,2,2,0,12221103
3380,4,2,1,11700150
3722,2,1,0,11830849
953,4,2,3,4622419
3612,1,4,1,11867612
3409,2,4,3,11699562
1685,4,3,2,6626580
1545,1,2,2,5233405
1866,3,3,0,6929985
1716,2,3,2,6493360
1026,3,2,3,4538128
2764,3,4,0,9512555
1301,2,2,0,4667414
2935,1,3,1,9788734
2391,2,2,3,8098882
3833,2,3,1,12737994
3144,1,2,1,10219691
2728,5,4,0,10144593
3480,3,4,0,11917773
1296,1,2,1,4439620
1085,2,4,2,4393102
3485,2,2,2,11530654
2250,3,2,3,8229753
976,4,1,0,4213432
2809,4,4,3,10289052
3139,3,3,2,10904217
712,3,1,3,3269809
951,3,3,1,4198095
1823,5,4,1,7361851
1132,1,3,3,4361496
3135,4,3,1,11032398
2546,1,3,2,8493964
3570,4,3,3,12285044
3384,2,4,1,11230638
1127,1,3,0,4003454
1379,4,4,3,5912170
1253,5,1,1,5239490
3267,5,3,2,11859684
2079,4,3,3,8163455
1778,3,4,0,6710534
619,2,3,3,3059336
3280,5,4,1,11761954
2627,2,4,2,9364056
1789,3,2,3,6794094
1201,1,4,1,4479975
531,2,3,3,2760670
2014,2,4,0,7321177
1717,3,3,0,6447371
1083,4,3,1,4672050
3707,2,3,3,12487126
1204,1,2,3,4423642
2334,3,4,2,8359683
1169,4,3,3,5395236
1801,3,4,2,7063013
1970,4,1,2,7399428
528,1,3,1,2578541
858,4,2,0,3727552
3694,1,4,0,11779605
3027,5,4,1,10919238
3016,5,1,3,10609861
2643,1,3,2,8743462
1768,4,2,2,6924919
2026,5,4,3,8309387
2224,1,4,0,7381672
997,1,3,0,3632357
1917,3,2,2,7039419
767,5,3,2,4175310
2728,3,1,0,9265363
1123,4,4,3,5069999
2340,3,4,1,8314642
2606,4,2,2,9474177
2548,1,2,1,8324729
2921,5,2,0,10118347
3458,2,1,2,11226779
3314,4,4,2,11940878
2979,2,3,3,10136286
870,5,1,1,4273720
1764,2,4,1,6667712
2078,5,4,1,8253786
633,2,1,1,2620638
1059,5,4,0,5180480
1669,3,4,2,6652810
2699,2,1,3,8861589
1119,3,3,0,4525029
842,1,4,0,3368567
3387,1,4,0,11161388
3049,5,4,0,11016388
3431,4,1,0,11470251
2048,1,4,1,6914362
2801,4,1,3,9663839
1863,3,3,2,6929312
3649,4,2,0,12337389
1994,4,4,3,7965038
3395,2,3,2,11444821
3770,4,3,1,13002304
3183,4,1,1,10822370
3437,2,1,3,11237182
3023,5,4,2,11139714
2517,2,3,3,8980545
2255,5,1,3,8348794
2678,5,1,2,9756925
690,2,1,0,2707467
3587,2,2,3,11859259
3336,1,2,0,10533085
3491,2,4,2,11746976
1983,1,1,1,6319836
931,5,1,3,4434711
606,3,2,2,2883363
961,4,1,2,4361045
2239,1,4,3,7947189
3664,3,1,1,11810830
1843,1,4,1,6438052
1881,5,3,1,7483166
1867,1,4,2,6785680
1458,3,4,0,5833136
1076,4,4,2,4877720
1658,4,4,2,6806027
2671,4,3,3,9709194
2943,5,4,0,10676999
3032,5,2,3,11005110
1034,4,1,3,4506778
632,5,3,3,4036719
3603,5,2,3,12566520
2989,4,2,3,10413157
795,2,2,0,3087456
3188,4,1,0,10753908
1817,2,1,2,6194297
620,2,2,1,2666460
3073,2,1,1,10014486
2620,2,4,2,9212017
3734,3,3,0,12244571
3011,1,4,2,10239516
2874,3,4,2,10115292
810,2,4,2,3650616
2218,5,2,0,8101298
3572,2,3,0,11511760
3362,5,4,3,12300820
3653,1,3,3,11938138
2944,2,3,1,9906309
1314,1,4,2,4795758
3787,1,3,1,12308754
3869,3,3,1,12906685
844,3,3,2,4040369
3537,1,4,0,11573039
3836,1,1,1,11811373
1204,3,4,0,5105978
3149,5,4,1,11265961
3744,3,3,2,12570463
3227,2,1,3,10733521
1714,2,3,1,6342684
3317,5,4,2,12141478
1703,2,4,1,6236948
2490,2,2,2,8445345
1930,1,2,0,6519870
3466,4,3,1,11832103
619,5,4,0,3571379
3413,2,4,2,11606437
814,1,1,1,2953960
2455,2,3,3,8680624
1259,4,1,3,5364355
1803,4,1,0,6409004
2859,1,3,2,9488292
3017,5,1,1,10480688
2612,4,1,0,8857913
1514,5,1,3,6285423
2495,3,3,3,8945876
3858,1,1,1,12080053
2805,1,3,0,9301238
3320,3,2,3,11450775
1162,2,4,0,4551166
1323,1,1,3,4490229
1922,5,4,2,7932666
3006,2,4,3,10408750
3367,1,2,0,10587552
3006,4,2,0,10318766
3713,3,2,3,12418209
2344,1,2,1,7789885
2479,5,2,3,9123619
555,4,3,2,3444826
3100,3,3,3,10679438
3614,4,4,1,12610977
1480,1,1,2,4890958
1030,2,4,0,4251345
2087,4,2,2,7641337
3805,5,1,2,13008906
1108,3,1,3,4491359
3364,4,1,3,11479966
2152,4,1,1,7796780
963,1,2,2,3566563
2934,5,4,0,10452762
1529,4,3,3,6534222
1568,2,2,1,5589619
918,4,4,0,4380565
2413,4,3,0,8773169
3587,5,1,0,12329421
1297,1,2,0,4259008
1853,1,2,1,6134353
3643,2,1,0,11400432
1538,1,4,2,5488528
2957,3,1,3,9962780
2487,3,4,2,8827349
2824,2,3,3,9828534
2758,1,4,0,9214676
2416,2,4,3,8602057
839,5,2,2,4081680
1730,3,1,3,6445117
2294,4,3,0,8448125
1460,5,2,0,6056563
634,4,4,2,3824826
3684,2,1,1,11996015
3287,2,1,3,10880729
782,5,1,3,4043503
3531,4,1,1,11733754
2161,5,2,2,8322292
2711,1,1,3,8813125
1615,2,1,3,5926072
2365,5,1,1,8423938
3287,1,3,1,10638898
3017,1,2,2,9956990
1624,5,4,0,6557489
3624,3,2,0,12046145
3815,5,4,1,13291095
830,2,3,2,3679990
1395,5,1,3,5990795
894,5,3,1,4326754
1902,5,1,1,7218605
3517,1,1,2,11140478
927,2,3,0,3899215
2192,3,4,2,7950002
2734,5,1,3,9713833
3010,2,4,1,10045011
1459,1,3,0,4892413
2647,5,4,0,9740702
1408,2,1,0,4909252
2156,3,1,3,7704986
1212,2,4,1,4938212
3613,1,3,0,11608122
3078,2,1,1,9887884
1170,4,3,1,5151729
2884,3,4,2,10014130
2252,4,3,2,8214994
1935,5,3,3,7682072
3728,4,2,2,12794100
2333,5,2,3,8896609
2332,2,1,0,7574952
3903,2,2,3,12990733
2150,5,4,0,8358944
3910,5,4,0,13428760
1696,4,4,3,7145915
3745,5,3,1,13024759
3831,3,3,2,13021532
3455,4,2,0,11665965
3751,4,1,0,12359723
3069,5,1,3,10938107
937,1,3,1,3566399
1556,4,3,1,6115095
3031,1,2,2,9988174
1928,4,3,1,7257472
2250,5,4,0,8623450
1035,2,3,1,3973416
3087,3,1,1,10219630
3890,4,1,3,13211739
2196,1,1,3,7428030
1447,1,4,2,5471575
2438,4,3,1,8959361
3005,5,2,0,10732642
623,4,4,3,3724546
1013,3,1,1,3915592
1709,5,3,3,7248685
3189,5,3,1,11293296
2647,1,1,0,8197704
2758,2,4,0,9182844
1675,4,4,3,6778831
1278,1,1,0,4142486
3892,5,2,1,13233324
650,1,4,3,3132456
503,4,3,1,2897556
1979,4,1,1,7003596
3060,3,2,0,10236003
3556,5,2,2,12245607
2162,4,1,1,7606170
978,1,4,3,4116919
841,2,4,0,3683908
1468,1,1,2,4917938
1210,3,3,2,4866614
2906,1,1,3,9534192
2265,4,4,2,8489694
2794,4,1,2,9656983
3399,1,3,3,11197165
3655,2,2,2,11950088
3936,2,1,3,12791084
2110,1,2,1,6925850
1559,5,1,0,6184831
3384,1,4,1,11289509
1749,5,4,0,7267383
1875,2,4,0,6692566
1914,3,1,0,6695174
3762,5,2,0,12648284
605,3,4,1,3236328
1890,2,1,2,6484416
2962,4,1,3,10227353
2240,1,3,0,7250460
583,3,2,3,3026490
3828,3,3,1,12975243
542,4,1,0,2947509
506,4,4,3,3359721
967,3,3,2,4160536
782,4,4,0,3790339
2276,2,1,1,7595483
3490,3,4,1,12045343
1582,5,2,0,6440938
3494,5,1,3,12286444
700,4,3,3,4023892
1153,4,4,0,5180387
1687,1,3,3,5941759
2258,5,3,3,8946686
3997,2,3,1,13032315
3200,4,4,2,11292045
866,1,3,1,3399547
3102,2,2,3,10334917
1459,4,1,1,5689281
1215,3,2,0,4503368
2629,1,4,3,9236336
3159,1,1,2,10226372
2764,4,4,2,10290369
2608,4,2,3,9602969
3345,1,2,3,10936477
864,2,4,3,4062189
3658,3,4,1,12284399
3265,3,4,0,10975004
3017,5,3,3,11044893
2732,1,2,0,8890705
3402,5,1,2,11937904
2572,5,2,2,9511214
3416,1,1,1,10789037
2334,2,3,1,7968572
2408,4,1,1,8413979
2048,4,1,1,7315730
1966,4,3,1,7493891
2391,1,3,1,7846171
2451,3,2,2,8780682
2621,4,4,2,9808132
1701,4,3,0,6480990
3961,4,2,2,13289214
3091,1,2,3,9985521
2832,4,3,0,10061200
2887,5,3,1,10561258
1576,5,2,2,6535312
2995,5,4,0,10667804
1048,1,4,1,4116197
3621,3,3,3,12390425
1783,1,3,2,6371732
3534,3,3,0,11626720
2909,2,1,3,9657225
1400,1,3,0,4939836
1622,5,1,2,6302902
2698,5,1,3,9784636
2801,3,2,2,9617985
1258,4,3,1,5514912
2091,5,3,2,8365010
897,1,3,0,3557611
1227,4,2,0,4904391
3274,5,2,1,11528759
3899,2,1,2,12371268
3671,5,2,0,12749849
1364,3,3,3,5790855
2805,2,1,2,9462733
2412,5,4,2,9314140
2110,3,2,3,7858684
3157,4,2,2,10962794
630,2,1,1,2603944
990,1,4,3,4112561
3461,1,2,3,11054729
714,1,3,1,3076534
1674,2,3,1,5916721
3926,5,3,1,13755675
560,1,2,1,2470440
3767,5,2,1,12946935
637,3,1,3,3144450
2420,1,3,2,8006089
1086,1,4,1,4336426
1554,2,1,2,5666711
1136,1,3,3,4505963
3217,1,1,2,10371660
1407,4,4,2,6047757
3234,1,4,2,10893701
3409,2,2,1,11096447
1846,2,4,1,6742203
3929,2,3,1,12802470
2000,5,1,2,7576417
2136,5,4,3,8561165
3729,5,2,0,12830815
3196,3,3,2,10881504
2699,1,4,3,9055127
2625,1,4,3,9030471
627,4,3,1,3399793
3363,1,2,2,10823501
913,3,1,2,3724591
1469,3,4,2,5933055
1071,4,4,0,4691521
2900,2,4,3,10031479
3058,3,2,0,10360772
1217,5,2,2,5452854
2391,3,1,2,8368955
2722,1,4,2,9039988
3003,2,4,1,10088772
1752,5,2,0,6953288
1064,3,4,2,4542523
3952,2,4,1,13112239
3470,4,3,2,12248232
3854,5,4,2,13758226
1502,2,4,1,5802723
1007,1,1,2,3616718
956,5,2,3,4706852
3624,2,2,3,11965361
3612,1,1,3,11562200
3387,5,4,3,12486145
1162,4,2,3,5185917
1016,1,1,0,3423889
783,3,1,0,3162504
2520,1,1,2,8347157
3734,4,1,1,12322559
1939,3,3,2,7132957
2561,1,4,0,8413210
3272,1,2,3,10751691
1991,1,1,2,6550522
3265,2,3,3,11080921
1363,2,1,3,5051706
3781,3,1,0,12410221
2795,5,3,3,10476763
1927,5,2,1,7428545
1060,2,3,0,3942625
2595,3,4,0,9007008
735,4,1,3,3478133
2738,4,2,0,9329657
3519,4,2,1,11998609
2889,4,3,3,10517961
1385,2,2,2,5068834
2632,2,3,3,8987408
3377,3,4,3,11621964
631,4,4,2,3518650
2105,5,3,1,8020099
829,3,1,3,3730776
1734,5,1,3,7075089
2580,3,1,1,8927424
2572,4,4,2,9688629
3737,4,2,3,12926463
2901,2,3,0,9709745
2198,4,1,3,8007965
2825,5,3,1,10396284
1112,4,1,2,4514891
2164,2,3,2,7449018
2985,5,1,1,10638051
2665,5,4,1,10005782
3737,5,3,3,13140174
3265,1,3,2,10581159
3338,5,2,0,11553019
1377,2,2,0,5030907
3904,3,1,0,12655380
3070,4,2,3,10870032
574,3,4,3,3329348
2840,4,3,1,10235333
2005,3,1,0,6819871
2260,4,3,2,8507226
2963,3,3,1,10112719
3801,4,4,0,13035652
2856,5,4,1,10489359
3149,3,4,0,10693935
3351,3,2,3,11548565
2257,4,2,1,8244514
1297,3,2,2,5294222
625,3,4,1,3482931
821,3,2,2,3803775
996,4,1,2,4239440
2263,2,4,0,7929460
1940,5,3,1,7749315
703,3,4,0,3631356
3558,5,3,2,12620369
2088,1,2,2,7183060
2677,2,3,0,8962815
3006,3,3,2,10361302
2634,1,1,0,8376481
2829,3,1,1,9631030
561,1,3,3,2606832
3018,5,2,0,10409762
3509,3,2,2,11829615
3032,1,1,1,9749557
640,3,4,2,3617606
3745,4,2,3,12696856
1751,1,2,2,5918574
3530,2,4,1,11669430
1701,2,2,2,6171282
2430,5,1,0,8499419
2910,3,1,0,9733080
883,4,2,1,4004414
889,1,1,1,3060792
1670,4,4,0,6490157
2079,4,3,3,7917803
2911,4,1,0,9729262
1834,5,3,2,7441071
3902,4,4,1,13448755
1845,3,4,3,7269342
2930,4,1,0,10108525
2266,2,2,0,7457735
869,2,2,3,3781852
1616,4,2,0,6283930
3849,4,1,1,12816666
579,1,1,1,2425377
3635,1,3,1,11561313
2507,3,4,0,8868299
2185,5,2,2,8487676
3748,5,3,0,12894425
560,1,2,3,2671548
1265,2,1,2,4639683
1827,5,1,0,6939479
3617,2,4,3,12420820
1785,1,2,2,5938848
1290,5,1,3,5446849
1229,2,3,0,4439460
3410,4,4,3,12134719
1722,5,1,2,6762502
3028,4,4,1,10902454
2949,4,3,3,10765380
3263,2,1,3,10861520
3649,4,1,3,12326669
3904,3,4,3,13534581
581,1,2,0,2423186
3758,1,1,3,12169586
768,2,4,2,3768444
888,2,4,3,4211980
1212,2,4,1,4637044
1358,5,2,2,5944598
3801,2,3,1,12411434
1352,3,1,3,5414829
3268,1,3,1,10691926
1754,2,4,0,6469736
1959,5,2,3,7921498
1679,1,2,1,5574189
3728,4,1,2,12692155
2983,5,1,3,10452785
3233,1,1,0,10265752
1406,2,1,0,4837718
3289,5,4,0,11730626
3822,5,2,3,13473325
2400,4,1,3,8451384
1653,2,1,0,5579100
1031,4,1,3,4725738
776,3,1,1,3228897
2824,2,2,0,9332756
938,2,3,0,3821149
1088,4,1,1,4343995
3855,4,4,0,13319705
1147,4,1,3,4875080
1087,4,1,3,4650949
3384,3,3,0,11373725
3611,2,3,2,12031993
1839,4,4,3,7462746
2020,5,1,0,7625401
2674,5,4,2,9994860
795,2,3,3,3634095
1323,5,3,0,5848597
2473,5,1,1,9074746
2842,3,4,0,9955787
1440,1,1,3,4828001
1433,1,1,3,5029635
2069,1,4,2,7120656
2750,1,1,3,8938952
2182,3,4,0,8067436
2581,5,4,2,9762809
2719,2,2,0,9063892
803,2,2,3,3692877
2133,2,3,3,7479154
2667,5,2,1,9837573
2207,2,3,3,7748024
1847,5,2,1,7378835
3604,4,1,0,12084369
2527,3,4,2,9102762
3569,5,1,0,12176676
1779,1,4,0,6270951
3030,1,2,3,9860275
3399,3,2,1,11290332
3758,2,3,2,12501125
1426,2,3,1,5292092
2569,3,4,2,9431831
3792,1,1,3,12209169
3806,1,2,1,12020647
2657,3,2,3,9328653
1682,3,1,3,6353029
2120,4,2,3,7948300
2072,4,3,0,7733228
2359,5,3,0,8899825
1285,1,1,0,4451627
2204,3,4,3,8216577
3703,4,4,2,12956739
2540,3,1,2,8709951
3845,1,2,2,12119594
873,3,4,3,4267635
1022,3,1,2,4270652
1679,2,1,0,5577058
2148,2,2,2,7574791
3191,4,1,0,10697538
1358,3,3,1,5346906
805,2,3,3,3809107
2212,2,1,0,7390378
934,5,4,2,4921039
796,5,3,3,4477699
2234,3,2,0,7680157
3991,4,1,3,13489793
1861,1,2,1,6110770
1914,3,2,1,6816774
1832,1,4,3,6449850
1648,2,4,2,6207792
2422,1,2,0,7925421
950,5,3,1,4818096
1215,4,4,0,5408597
1556,2,4,1,6059179
704,2,1,2,3158654
1503,3,4,1,5992670
1186,5,3,2,5621873
2036,2,2,3,7266778
1567,4,3,2,6260248
615,3,4,1,3383767
506,2,4,0,2587077
501,4,3,3,3176123
1877,2,2,3,6746200
2705,1,4,1,9095235
747,5,1,1,3789493
3276,1,4,3,10874105
2511,5,1,0,8981803
2930,2,1,1,9431223
3815,1,2,0,12076214
2679,2,4,0,9077704
796,4,3,3,4098909
1761,4,1,0,6345439
951,2,1,0,3604970
2441,2,4,1,8554687
2358,1,3,0,7962320
2998,3,4,2,10646399
535,3,4,0,2764338
2094,3,2,2,7506082
3524,2,1,1,11417222
1367,4,3,1,5624323
1554,4,1,1,5833611
1180,5,2,2,5244700
3179,4,3,2,11112735
3977,5,2,2,13769718
1191,2,3,3,4858262
853,1,1,0,2767284
1751,1,2,3,6196584
3145,3,2,2,10853874
738,4,3,3,3823477
3166,1,4,0,10343195
2484,2,3,2,8601394
2295,1,3,2,7947198
500,3,4,3,3231735
517,1,2,2,2378549
3790,4,4,3,13274599
1304,3,2,2,5266149
1552,4,1,0,5865228
3420,4,1,0,11595411
3738,5,2,2,12856618
2640,4,1,0,9249932
1644,1,1,2,5450224
721,3,2,3,3501832
2696,4,3,3,9795547
594,2,3,1,2860179
1186,4,4,3,5390404
3366,4,4,1,11660846
2589,1,3,1,8608966
2969,2,2,0,9789130
1974,4,4,1,7718349
3082,3,2,2,10364565
2594,5,4,2,9906002
1151,2,2,3,4730035
1134,3,4,2,4873772
3193,3,3,1,11036672
3830,2,3,0,12533931
2334,5,2,1,8558870
863,3,3,2,3864915
779,3,3,0,3675573
557,2,3,0,2548978
2044,1,3,0,6774687
2940,2,1,0,9270533
3482,4,3,3,12078215
3557,1,1,3,11474861
2047,5,2,1,7864519
2600,5,2,1,9314117
3255,4,4,0,11444105
2590,5,1,1,9468675
857,3,2,2,3965098
3562,2,1,1,11528190
1539,5,1,2,6384895
2258,5,2,2,8648847
1027,5,2,3,5103155
2794,1,2,1,9056163
1145,1,2,0,3819263
2837,2,3,3,9714614
1747,5,3,2,7181931
1309,5,1,1,5489840
3423,4,1,2,11621815
2964,2,2,1,9800474
